AccountID,AccountName,ClientID,Portfolio,Region
10001,Debtor Account 0001,1,Consumer,MA
10002,Debtor Account 0002,4,Consumer,TX
10003,Debtor Account 0003,2,SMB,NY
10004,Debtor Account 0004,4,Consumer,TX
10005,Debtor Account 0005,5,Consumer,IL
10006,Debtor Account 0006,3,Consumer,IL
10007,Debtor Account 0007,3,Consumer,CA
10008,Debtor Account 0008,1,Enterprise,TX
10009,Debtor Account 0009,2,Enterprise,NY
10010,Debtor Account 0010,3,Consumer,NY
10011,Debtor Account 0011,4,Consumer,TX
10012,Debtor Account 0012,4,SMB,FL
10013,Debtor Account 0013,2,Enterprise,MA
10014,Debtor Account 0014,1,Consumer,IL
10015,Debtor Account 0015,2,SMB,CA
10016,Debtor Account 0016,5,SMB,FL
10017,Debtor Account 0017,1,Consumer,NJ
10018,Debtor Account 0018,3,SMB,MA
10019,Debtor Account 0019,5,Consumer,NJ
10020,Debtor Account 0020,1,Consumer,NY
10021,Debtor Account 0021,3,Consumer,IL
10022,Debtor Account 0022,5,Consumer,MA
10023,Debtor Account 0023,1,Enterprise,IL
10024,Debtor Account 0024,3,Consumer,FL
10025,Debtor Account 0025,5,SMB,FL
10026,Debtor Account 0026,1,Consumer,NY
10027,Debtor Account 0027,3,Consumer,FL
10028,Debtor Account 0028,4,Consumer,NJ
10029,Debtor Account 0029,4,Consumer,MA
10030,Debtor Account 0030,3,Consumer,IL
10031,Debtor Account 0031,1,Consumer,IL
10032,Debtor Account 0032,3,Consumer,TX
10033,Debtor Account 0033,2,SMB,NJ
10034,Debtor Account 0034,3,Consumer,CA
10035,Debtor Account 0035,2,Consumer,MA
10036,Debtor Account 0036,4,Consumer,TX
10037,Debtor Account 0037,4,Consumer,TX
10038,Debtor Account 0038,2,Consumer,NY
10039,Debtor Account 0039,3,Enterprise,MA
10040,Debtor Account 0040,2,SMB,TX
10041,Debtor Account 0041,3,Consumer,CA
10042,Debtor Account 0042,2,Consumer,NY
10043,Debtor Account 0043,4,Consumer,MA
10044,Debtor Account 0044,2,Consumer,NY
10045,Debtor Account 0045,3,Consumer,NJ
10046,Debtor Account 0046,4,Consumer,IL
10047,Debtor Account 0047,2,Enterprise,MA
10048,Debtor Account 0048,5,Consumer,MA
10049,Debtor Account 0049,1,SMB,FL
10050,Debtor Account 0050,4,Consumer,NY
10051,Debtor Account 0051,2,SMB,MA
10052,Debtor Account 0052,2,Consumer,IL
10053,Debtor Account 0053,3,SMB,IL
10054,Debtor Account 0054,3,Enterprise,IL
10055,Debtor Account 0055,2,Consumer,NY
10056,Debtor Account 0056,1,Consumer,NY
10057,Debtor Account 0057,1,SMB,TX
10058,Debtor Account 0058,4,SMB,NJ
10059,Debtor Account 0059,3,SMB,FL
10060,Debtor Account 0060,4,Consumer,NY
10061,Debtor Account 0061,5,Enterprise,IL
10062,Debtor Account 0062,4,Enterprise,FL
10063,Debtor Account 0063,1,Consumer,TX
10064,Debtor Account 0064,2,Consumer,NJ
10065,Debtor Account 0065,3,Consumer,IL
10066,Debtor Account 0066,1,Enterprise,CA
10067,Debtor Account 0067,5,SMB,NJ
10068,Debtor Account 0068,5,Consumer,CA
10069,Debtor Account 0069,4,SMB,IL
10070,Debtor Account 0070,3,Consumer,CA
10071,Debtor Account 0071,4,Consumer,CA
10072,Debtor Account 0072,1,Consumer,MA
10073,Debtor Account 0073,2,Consumer,TX
10074,Debtor Account 0074,3,Consumer,NJ
10075,Debtor Account 0075,4,SMB,MA
10076,Debtor Account 0076,3,Consumer,FL
10077,Debtor Account 0077,1,Consumer,NY
10078,Debtor Account 0078,2,Consumer,NJ
10079,Debtor Account 0079,2,SMB,CA
10080,Debtor Account 0080,2,SMB,MA
10081,Debtor Account 0081,1,Consumer,IL
10082,Debtor Account 0082,2,Consumer,NJ
10083,Debtor Account 0083,2,SMB,MA
10084,Debtor Account 0084,4,Consumer,NY
10085,Debtor Account 0085,4,SMB,MA
10086,Debtor Account 0086,3,Consumer,TX
10087,Debtor Account 0087,3,Consumer,TX
10088,Debtor Account 0088,4,Consumer,NJ
10089,Debtor Account 0089,5,Consumer,FL
10090,Debtor Account 0090,4,Consumer,CA
10091,Debtor Account 0091,4,SMB,MA
10092,Debtor Account 0092,5,Consumer,NY
10093,Debtor Account 0093,1,SMB,NY
10094,Debtor Account 0094,5,SMB,IL
10095,Debtor Account 0095,2,Consumer,NY
10096,Debtor Account 0096,3,Consumer,TX
10097,Debtor Account 0097,4,Consumer,CA
10098,Debtor Account 0098,4,SMB,MA
10099,Debtor Account 0099,1,Consumer,CA
10100,Debtor Account 0100,4,Consumer,TX
10101,Debtor Account 0101,1,SMB,MA
10102,Debtor Account 0102,2,Consumer,MA
10103,Debtor Account 0103,4,Consumer,TX
10104,Debtor Account 0104,2,Consumer,NY
10105,Debtor Account 0105,3,Consumer,NJ
10106,Debtor Account 0106,4,SMB,IL
10107,Debtor Account 0107,4,Consumer,CA
10108,Debtor Account 0108,4,SMB,TX
10109,Debtor Account 0109,1,Consumer,TX
10110,Debtor Account 0110,2,Consumer,IL
10111,Debtor Account 0111,3,Enterprise,IL
10112,Debtor Account 0112,1,Consumer,IL
10113,Debtor Account 0113,3,Consumer,FL
10114,Debtor Account 0114,3,SMB,CA
10115,Debtor Account 0115,4,Consumer,NJ
10116,Debtor Account 0116,5,Consumer,CA
10117,Debtor Account 0117,1,SMB,NY
10118,Debtor Account 0118,1,Consumer,CA
10119,Debtor Account 0119,4,SMB,NY
10120,Debtor Account 0120,1,Consumer,TX
10121,Debtor Account 0121,1,Consumer,IL
10122,Debtor Account 0122,3,Consumer,TX
10123,Debtor Account 0123,1,Consumer,MA
10124,Debtor Account 0124,4,Enterprise,FL
10125,Debtor Account 0125,5,Consumer,CA
10126,Debtor Account 0126,1,Consumer,IL
10127,Debtor Account 0127,3,Consumer,NY
10128,Debtor Account 0128,4,SMB,MA
10129,Debtor Account 0129,5,Consumer,FL
10130,Debtor Account 0130,2,SMB,NJ
10131,Debtor Account 0131,1,Consumer,FL
10132,Debtor Account 0132,5,Enterprise,FL
10133,Debtor Account 0133,5,Consumer,MA
10134,Debtor Account 0134,1,Consumer,MA
10135,Debtor Account 0135,2,Enterprise,IL
10136,Debtor Account 0136,4,Consumer,CA
10137,Debtor Account 0137,4,SMB,NJ
10138,Debtor Account 0138,1,Consumer,NJ
10139,Debtor Account 0139,4,Consumer,CA
10140,Debtor Account 0140,4,Consumer,MA
10141,Debtor Account 0141,3,Consumer,MA
10142,Debtor Account 0142,1,Consumer,TX
10143,Debtor Account 0143,1,Consumer,IL
10144,Debtor Account 0144,2,Consumer,CA
10145,Debtor Account 0145,4,Enterprise,MA
10146,Debtor Account 0146,1,Consumer,NJ
10147,Debtor Account 0147,1,Consumer,MA
10148,Debtor Account 0148,2,Consumer,CA
10149,Debtor Account 0149,1,Consumer,NY
10150,Debtor Account 0150,1,SMB,FL
