CaseID,AccountID,IntakeDateKey,ValidationDateKey,CaseStatus,WorkflowStage,CaseDisposition
200001,10036,20230824,20230828,Open,Attempts,
200002,10055,20221209,20221209,Closed,Closed,Dispute
200003,10105,20220605,20220607,Hold,Attempts,
200004,10117,20230122,,Open,Intake,
200005,10067,20230207,20230209,Hold,Payment,
200006,10092,20230501,,Closed,Closed,Dispute
200007,10095,20230614,20230614,Closed,Closed,PromiseToPay
200008,10038,20220222,20220225,Closed,Closed,Unreachable
200009,10038,20230411,20230415,Closed,Closed,Paid
200010,10110,20230601,20230605,Closed,Closed,Paid
200011,10045,20230825,20230828,Closed,Closed,Paid
200012,10078,20220810,,Open,Intake,
200013,10140,20230906,20230907,Closed,Closed,Paid
200014,10136,20220812,,Open,Intake,
200015,10145,20230725,,Open,Intake,
200016,10071,20230531,20230602,Closed,Closed,Paid
200017,10030,20230330,,Closed,Closed,Paid
200018,10141,20220906,20220909,Open,Payment,
200019,10137,20240114,20240118,Open,Validated,
200020,10122,20220304,20220304,Closed,Closed,Paid
200021,10135,20220101,,Open,Intake,
200022,10136,20230506,20230509,Closed,Closed,Closed-NoPay
200023,10037,20221231,20230101,Closed,Closed,Unreachable
200024,10134,20220501,20220504,Open,Payment,
200025,10002,20220321,20220325,Open,Attempts,
200026,10117,20230321,20230324,Open,Payment,
200027,10067,20240128,20240131,Open,Attempts,
200028,10033,20220411,20220413,Closed,Closed,Paid
200029,10064,20220214,20220215,Hold,Validated,
200030,10039,20231016,20231017,Closed,Closed,Paid
200031,10127,20230901,20230905,Closed,Closed,PromiseToPay
200032,10062,20220427,,Open,Intake,
200033,10126,20230722,,Closed,Closed,Paid
200034,10086,20230426,20230426,Closed,Closed,Paid
200035,10015,20231126,20231128,Open,Validated,
200036,10094,20221128,20221128,Closed,Closed,PromiseToPay
200037,10028,20220824,,Closed,Closed,Closed-NoPay
200038,10024,20220713,20220717,Closed,Closed,Closed-NoPay
200039,10117,20221219,,Open,Intake,
200040,10133,20240114,20240116,Open,Attempts,
200041,10058,20230126,20230129,Open,Payment,
200042,10047,20221101,20221106,Hold,Attempts,
200043,10003,20230123,20230124,Closed,Closed,Dispute
200044,10035,20230722,,Closed,Closed,Paid
200045,10137,20220808,20220813,Open,Validated,
200046,10119,20230909,20230914,Open,Attempts,
200047,10111,20221014,20221017,Open,Validated,
200048,10089,20221030,20221103,Open,Validated,
200049,10145,20220225,20220228,Open,Attempts,
200050,10019,20230708,20230708,Open,Validated,
200051,10062,20230515,20230517,Open,Validated,
200052,10112,20220402,20220404,Closed,Closed,PromiseToPay
200053,10131,20231231,20240105,Open,Attempts,
200054,10115,20231024,20231028,Open,Attempts,
200055,10132,20220825,20220826,Open,Payment,
200056,10009,20231216,20231218,Hold,Attempts,
200057,10047,20230513,,Closed,Closed,Paid
200058,10027,20221220,20221222,Open,Validated,
200059,10065,20220207,,Open,Intake,
200060,10116,20231121,20231126,Open,Attempts,
200061,10119,20231224,20231224,Open,Validated,
200062,10120,20221029,20221029,Hold,Attempts,
200063,10011,20221108,20221111,Open,Attempts,
200064,10103,20230510,,Open,Intake,
200065,10098,20220815,20220817,Open,Payment,
200066,10126,20230813,20230818,Closed,Closed,PromiseToPay
200067,10144,20220304,20220304,Open,Attempts,
200068,10091,20230714,,Open,Intake,
200069,10066,20220311,,Open,Intake,
200070,10095,20230211,,Closed,Closed,Paid
200071,10061,20230707,,Open,Intake,
200072,10117,20230801,20230806,Hold,Validated,
200073,10124,20220202,20220206,Open,Validated,
200074,10112,20220630,20220701,Open,Attempts,
200075,10142,20230107,20230107,Open,Payment,
200076,10109,20231213,20231213,Hold,Attempts,
200077,10058,20220130,,Closed,Closed,Paid
200078,10119,20220318,20220319,Open,Validated,
200079,10059,20221223,,Open,Intake,
200080,10117,20220101,,Closed,Closed,Paid
200081,10099,20220818,20220823,Closed,Closed,Paid
200082,10099,20220103,20220108,Hold,Attempts,
200083,10098,20221208,20221208,Closed,Closed,Dispute
200084,10104,20221126,20221126,Closed,Closed,Paid
200085,10028,20220430,20220505,Hold,Attempts,
200086,10114,20230314,20230316,Open,Payment,
200087,10070,20220222,20220222,Open,Validated,
200088,10118,20220517,20220522,Open,Payment,
200089,10145,20230924,,Hold,Intake,
200090,10131,20221023,,Open,Intake,
200091,10075,20221120,,Closed,Closed,Paid
200092,10101,20230511,,Open,Intake,
200093,10017,20230920,20230922,Open,Attempts,
200094,10097,20230917,,Hold,Intake,
200095,10147,20230806,20230807,Open,Attempts,
200096,10130,20221130,20221202,Closed,Closed,Unreachable
200097,10083,20220117,20220122,Hold,Payment,
200098,10081,20220103,20220106,Open,Attempts,
200099,10121,20221226,,Open,Intake,
200100,10027,20231007,20231007,Open,Attempts,
200101,10041,20220130,,Open,Intake,
200102,10054,20220818,20220818,Closed,Closed,Dispute
200103,10051,20221130,20221205,Open,Attempts,
200104,10144,20220711,20220715,Open,Validated,
200105,10047,20220712,20220714,Open,Attempts,
200106,10010,20231227,20231227,Closed,Closed,Paid
200107,10094,20220418,,Closed,Closed,Paid
200108,10129,20220828,20220829,Closed,Closed,Closed-NoPay
200109,10028,20220807,20220809,Closed,Closed,Paid
200110,10103,20240104,,Open,Intake,
200111,10111,20231221,20231221,Hold,Attempts,
200112,10036,20231007,,Closed,Closed,PromiseToPay
200113,10109,20220530,,Hold,Intake,
200114,10047,20220827,20220901,Open,Attempts,
200115,10068,20231030,20231031,Open,Validated,
200116,10084,20230305,20230306,Open,Payment,
200117,10005,20230112,20230116,Open,Attempts,
200118,10018,20230404,,Closed,Closed,Closed-NoPay
200119,10037,20230216,20230219,Open,Validated,
200120,10092,20230325,20230326,Closed,Closed,Closed-NoPay
200121,10142,20220327,20220401,Closed,Closed,PromiseToPay
200122,10086,20220106,20220110,Open,Payment,
200123,10100,20231117,20231117,Open,Payment,
200124,10043,20221001,,Open,Intake,
200125,10118,20231026,20231029,Closed,Closed,Closed-NoPay
200126,10136,20230503,20230504,Open,Attempts,
200127,10043,20231208,20231208,Closed,Closed,Dispute
200128,10027,20220222,20220226,Closed,Closed,Closed-NoPay
200129,10062,20230530,20230603,Closed,Closed,PromiseToPay
200130,10121,20231213,20231214,Closed,Closed,PromiseToPay
200131,10128,20230422,20230424,Closed,Closed,Paid
200132,10060,20230906,20230906,Open,Attempts,
200133,10104,20230807,20230812,Open,Payment,
200134,10078,20220909,,Open,Intake,
200135,10092,20230311,20230316,Open,Attempts,
200136,10017,20220708,20220710,Open,Attempts,
200137,10132,20240116,20240118,Closed,Closed,Paid
200138,10037,20221019,20221020,Closed,Closed,Paid
200139,10035,20221219,20221220,Closed,Closed,Paid
200140,10071,20230919,,Open,Intake,
200141,10126,20221009,20221013,Open,Validated,
200142,10005,20220619,20220624,Open,Attempts,
200143,10018,20231226,20231231,Closed,Closed,PromiseToPay
200144,10125,20220919,20220921,Closed,Closed,Closed-NoPay
200145,10047,20230315,,Open,Intake,
200146,10143,20230224,20230227,Hold,Payment,
200147,10132,20230815,20230820,Open,Payment,
200148,10013,20221024,20221027,Closed,Closed,PromiseToPay
200149,10127,20220918,20220923,Open,Validated,
200150,10116,20230216,,Open,Intake,
200151,10097,20230605,20230609,Closed,Closed,Paid
200152,10135,20220307,20220309,Open,Payment,
200153,10132,20230617,,Closed,Closed,Closed-NoPay
200154,10015,20220916,20220918,Closed,Closed,PromiseToPay
200155,10122,20231118,,Open,Intake,
200156,10006,20230507,20230512,Closed,Closed,Paid
200157,10016,20220319,20220321,Open,Validated,
200158,10108,20230210,,Open,Intake,
200159,10026,20220520,20220524,Open,Payment,
200160,10019,20220306,20220309,Open,Attempts,
200161,10132,20220111,20220116,Hold,Validated,
200162,10074,20230925,20230928,Open,Attempts,
200163,10120,20230222,20230225,Open,Attempts,
200164,10088,20220201,20220206,Closed,Closed,PromiseToPay
200165,10104,20220201,20220206,Closed,Closed,Unreachable
200166,10065,20220923,20220925,Closed,Closed,Dispute
200167,10096,20240104,20240104,Closed,Closed,Paid
200168,10138,20220308,,Hold,Intake,
200169,10061,20220723,,Hold,Intake,
200170,10008,20230521,20230521,Closed,Closed,PromiseToPay
200171,10133,20220502,20220504,Open,Payment,
200172,10059,20221118,20221121,Closed,Closed,Unreachable
200173,10094,20230428,20230428,Open,Validated,
200174,10041,20231205,20231205,Closed,Closed,Dispute
200175,10103,20220323,20220324,Open,Attempts,
200176,10120,20220514,,Open,Intake,
200177,10023,20230916,,Open,Intake,
200178,10071,20230320,20230324,Open,Attempts,
200179,10141,20231110,,Open,Intake,
200180,10132,20220220,20220223,Open,Payment,
200181,10023,20220523,20220524,Closed,Closed,PromiseToPay
200182,10143,20230518,20230518,Open,Attempts,
200183,10055,20220501,20220501,Hold,Attempts,
200184,10094,20231223,20231225,Open,Attempts,
200185,10018,20230416,,Open,Intake,
200186,10033,20230205,20230206,Open,Payment,
200187,10031,20230228,20230304,Closed,Closed,Closed-NoPay
200188,10001,20220505,20220510,Closed,Closed,Paid
200189,10064,20220505,,Closed,Closed,Paid
200190,10108,20220123,20220124,Closed,Closed,Closed-NoPay
200191,10060,20230124,20230125,Closed,Closed,Paid
200192,10024,20240121,,Open,Intake,
200193,10081,20220814,20220815,Closed,Closed,PromiseToPay
200194,10100,20230718,20230722,Closed,Closed,Paid
200195,10128,20221219,20221219,Closed,Closed,PromiseToPay
200196,10070,20230418,20230423,Closed,Closed,Paid
200197,10072,20231121,20231123,Open,Payment,
200198,10026,20220117,20220117,Closed,Closed,Paid
200199,10062,20230302,,Closed,Closed,Paid
200200,10094,20230426,20230428,Open,Attempts,
200201,10012,20230111,20230116,Hold,Attempts,
200202,10103,20230920,20230923,Open,Attempts,
200203,10149,20221027,20221029,Open,Validated,
200204,10143,20230319,20230320,Open,Validated,
200205,10107,20231022,20231025,Open,Attempts,
200206,10028,20231224,,Closed,Closed,Paid
200207,10125,20230318,20230323,Closed,Closed,PromiseToPay
200208,10075,20220101,20220101,Open,Attempts,
200209,10024,20230609,20230610,Closed,Closed,Paid
200210,10003,20220215,20220220,Closed,Closed,Paid
200211,10085,20221005,20221006,Open,Validated,
200212,10138,20220624,20220628,Closed,Closed,Paid
200213,10115,20230421,20230424,Closed,Closed,PromiseToPay
200214,10025,20230412,,Open,Intake,
200215,10131,20220929,20221004,Open,Payment,
200216,10116,20221229,20221231,Open,Attempts,
200217,10070,20220908,20220913,Hold,Attempts,
200218,10082,20230208,20230208,Open,Attempts,
200219,10015,20231216,20231219,Open,Attempts,
200220,10131,20230507,20230507,Open,Validated,
200221,10094,20230825,20230830,Open,Attempts,
200222,10048,20230824,20230824,Closed,Closed,Unreachable
200223,10080,20230629,20230703,Hold,Payment,
200224,10016,20230706,20230707,Open,Validated,
200225,10059,20231120,,Closed,Closed,Paid
200226,10055,20230226,,Closed,Closed,Paid
200227,10044,20230927,20230928,Hold,Attempts,
200228,10005,20220209,20220213,Closed,Closed,Paid
200229,10060,20230624,20230624,Hold,Validated,
200230,10051,20230312,20230313,Open,Attempts,
200231,10035,20240124,,Open,Intake,
200232,10102,20240123,20240127,Closed,Closed,Paid
200233,10106,20230518,,Open,Intake,
200234,10036,20220729,,Open,Intake,
200235,10038,20231128,20231201,Closed,Closed,Dispute
200236,10135,20231004,20231006,Open,Attempts,
200237,10076,20230510,20230515,Open,Validated,
200238,10012,20220831,20220831,Closed,Closed,Paid
200239,10120,20220131,20220205,Closed,Closed,Paid
200240,10093,20221126,20221126,Open,Attempts,
200241,10043,20220804,,Open,Intake,
200242,10074,20240123,20240124,Open,Attempts,
200243,10047,20221029,,Closed,Closed,Paid
200244,10008,20230905,,Closed,Closed,Paid
200245,10126,20220322,20220326,Closed,Closed,Paid
200246,10124,20220311,20220313,Hold,Attempts,
200247,10068,20231124,20231126,Closed,Closed,Paid
200248,10053,20231111,20231113,Open,Attempts,
200249,10095,20240120,20240121,Open,Payment,
200250,10095,20230326,20230329,Open,Attempts,
200251,10049,20220807,20220809,Closed,Closed,Dispute
200252,10027,20221219,,Open,Intake,
200253,10100,20231002,20231005,Open,Attempts,
200254,10099,20230813,20230817,Closed,Closed,Paid
200255,10090,20230405,,Closed,Closed,Dispute
200256,10104,20221023,,Open,Intake,
200257,10059,20221107,20221108,Open,Validated,
200258,10150,20230824,,Open,Intake,
200259,10053,20230227,20230228,Open,Validated,
200260,10133,20220502,20220505,Hold,Payment,
200261,10096,20221104,20221107,Closed,Closed,Paid
200262,10020,20230422,20230423,Open,Attempts,
200263,10102,20220423,20220427,Open,Validated,
200264,10036,20231004,,Closed,Closed,Paid
200265,10053,20230305,20230305,Open,Attempts,
200266,10085,20220722,20220722,Closed,Closed,PromiseToPay
200267,10036,20230715,20230720,Open,Payment,
200268,10016,20221227,20221229,Closed,Closed,Paid
200269,10033,20220103,,Closed,Closed,Paid
200270,10098,20220609,20220612,Open,Attempts,
200271,10058,20230310,20230312,Closed,Closed,Dispute
200272,10094,20230612,20230614,Open,Attempts,
200273,10113,20231117,20231117,Closed,Closed,PromiseToPay
200274,10034,20230521,20230524,Open,Attempts,
200275,10098,20230820,20230824,Closed,Closed,Paid
200276,10133,20231025,,Open,Intake,
200277,10127,20230628,20230701,Closed,Closed,Paid
200278,10100,20230401,20230406,Closed,Closed,Paid
200279,10112,20221026,20221026,Closed,Closed,Paid
200280,10008,20221224,20221224,Open,Validated,
200281,10148,20221111,,Open,Intake,
200282,10002,20230227,20230228,Open,Validated,
200283,10068,20220627,,Open,Intake,
200284,10097,20240121,20240123,Open,Payment,
200285,10022,20230120,,Closed,Closed,Paid
200286,10122,20230901,20230903,Open,Attempts,
200287,10124,20220108,20220112,Open,Attempts,
200288,10088,20220914,,Open,Intake,
200289,10135,20221112,,Open,Intake,
200290,10065,20220608,20220609,Open,Validated,
200291,10085,20230429,20230502,Open,Payment,
200292,10062,20220908,20220911,Closed,Closed,Paid
200293,10100,20230209,20230210,Open,Validated,
200294,10091,20220712,,Open,Intake,
200295,10005,20240115,,Open,Intake,
200296,10094,20230518,20230521,Closed,Closed,Dispute
200297,10039,20220718,20220719,Open,Attempts,
200298,10107,20220612,20220615,Hold,Attempts,
200299,10053,20231121,20231122,Open,Payment,
200300,10068,20230813,20230815,Closed,Closed,Unreachable
200301,10128,20230101,20230102,Open,Payment,
200302,10125,20220904,,Closed,Closed,Unreachable
200303,10007,20220129,20220131,Open,Payment,
200304,10100,20220710,20220711,Hold,Validated,
200305,10136,20221031,,Closed,Closed,Paid
200306,10014,20220529,20220602,Open,Validated,
200307,10040,20231020,20231022,Open,Attempts,
200308,10150,20221023,20221028,Hold,Attempts,
200309,10035,20221205,,Open,Intake,
200310,10115,20230425,20230425,Hold,Payment,
200311,10060,20220329,20220331,Open,Attempts,
200312,10024,20230611,20230612,Closed,Closed,Paid
200313,10026,20230613,,Closed,Closed,Unreachable
200314,10067,20220526,,Open,Intake,
200315,10014,20220516,20220516,Open,Payment,
200316,10013,20221114,,Hold,Intake,
200317,10134,20221124,20221128,Closed,Closed,Closed-NoPay
200318,10067,20220831,20220904,Open,Attempts,
200319,10028,20220205,20220205,Closed,Closed,Dispute
200320,10092,20230104,20230105,Hold,Attempts,
200321,10084,20230325,20230328,Open,Attempts,
200322,10052,20230210,20230215,Open,Validated,
200323,10013,20220608,,Closed,Closed,Paid
200324,10059,20220315,20220316,Hold,Validated,
200325,10065,20231129,20231204,Open,Attempts,
200326,10021,20230712,,Closed,Closed,Paid
200327,10085,20220518,20220520,Open,Validated,
200328,10082,20231004,20231004,Open,Validated,
200329,10034,20220117,20220122,Closed,Closed,Dispute
200330,10137,20231018,20231019,Open,Attempts,
200331,10094,20230510,20230512,Open,Attempts,
200332,10081,20230911,20230913,Open,Validated,
200333,10110,20220807,20220812,Closed,Closed,Paid
200334,10094,20230926,20230927,Open,Attempts,
200335,10110,20220205,20220210,Open,Validated,
200336,10147,20220120,20220121,Open,Attempts,
200337,10137,20220311,,Closed,Closed,Paid
200338,10043,20230802,20230804,Closed,Closed,Paid
200339,10131,20230426,20230426,Closed,Closed,PromiseToPay
200340,10065,20240115,,Hold,Intake,
200341,10090,20220201,20220206,Closed,Closed,Closed-NoPay
200342,10015,20230608,,Closed,Closed,Paid
200343,10093,20231228,20231228,Closed,Closed,Closed-NoPay
200344,10107,20220122,,Closed,Closed,Dispute
200345,10029,20230710,,Open,Intake,
200346,10083,20220102,20220104,Closed,Closed,Paid
200347,10123,20231017,20231020,Open,Attempts,
200348,10034,20230818,20230821,Closed,Closed,Paid
200349,10074,20230316,20230320,Open,Validated,
200350,10137,20220613,20220614,Open,Validated,
200351,10056,20220519,20220520,Open,Attempts,
200352,10092,20240109,20240112,Open,Payment,
200353,10069,20230927,20230928,Open,Attempts,
200354,10122,20231121,,Open,Intake,
200355,10096,20220107,20220111,Closed,Closed,Paid
200356,10127,20220924,,Open,Intake,
200357,10098,20220624,20220626,Closed,Closed,Paid
200358,10067,20230922,20230926,Closed,Closed,Paid
200359,10102,20230604,,Closed,Closed,Unreachable
200360,10039,20221116,20221121,Closed,Closed,Paid
200361,10095,20220810,20220811,Open,Attempts,
200362,10043,20220417,20220417,Closed,Closed,Paid
200363,10123,20220623,,Closed,Closed,PromiseToPay
200364,10078,20220214,20220214,Open,Validated,
200365,10058,20231214,,Open,Intake,
200366,10137,20220806,20220811,Closed,Closed,Dispute
200367,10068,20230628,20230703,Hold,Attempts,
200368,10073,20220330,20220331,Open,Payment,
200369,10119,20230814,,Open,Intake,
200370,10045,20230724,,Open,Intake,
200371,10031,20221202,20221202,Hold,Attempts,
200372,10053,20230607,20230610,Open,Payment,
200373,10115,20230222,,Closed,Closed,Paid
200374,10048,20220316,20220318,Open,Attempts,
200375,10086,20231002,20231004,Closed,Closed,Unreachable
200376,10076,20220823,20220823,Open,Attempts,
200377,10011,20221101,20221101,Open,Attempts,
200378,10103,20230421,20230423,Open,Payment,
200379,10019,20220219,20220220,Open,Attempts,
200380,10053,20220130,20220201,Closed,Closed,PromiseToPay
200381,10003,20220109,20220113,Open,Attempts,
200382,10052,20220912,20220916,Open,Attempts,
200383,10082,20230917,20230918,Closed,Closed,Unreachable
200384,10068,20230402,20230403,Open,Attempts,
200385,10118,20230823,20230823,Open,Validated,
200386,10128,20220913,20220916,Hold,Attempts,
200387,10132,20221020,,Closed,Closed,Paid
200388,10052,20230313,20230318,Open,Attempts,
200389,10030,20230729,20230730,Closed,Closed,PromiseToPay
200390,10069,20230205,20230205,Open,Attempts,
200391,10074,20240106,,Open,Intake,
200392,10128,20221129,20221130,Open,Attempts,
200393,10082,20220819,20220823,Open,Payment,
200394,10079,20220219,20220223,Closed,Closed,Closed-NoPay
200395,10016,20230728,,Open,Intake,
200396,10040,20230513,,Closed,Closed,PromiseToPay
200397,10027,20230406,20230410,Hold,Attempts,
200398,10141,20230314,20230316,Open,Payment,
200399,10141,20230223,20230228,Open,Attempts,
200400,10133,20230917,20230917,Closed,Closed,PromiseToPay
200401,10015,20231211,20231211,Open,Attempts,
200402,10015,20220322,,Open,Intake,
200403,10009,20231107,20231111,Open,Attempts,
200404,10079,20230623,20230628,Open,Attempts,
200405,10087,20230306,20230307,Open,Validated,
200406,10044,20230301,20230303,Hold,Validated,
200407,10009,20220327,,Closed,Closed,Unreachable
200408,10110,20231210,20231212,Closed,Closed,Closed-NoPay
200409,10075,20231224,20231228,Open,Payment,
200410,10044,20220814,20220814,Open,Attempts,
200411,10048,20230531,20230604,Open,Validated,
200412,10088,20231205,20231210,Open,Payment,
200413,10015,20221201,20221206,Open,Payment,
200414,10015,20230716,20230718,Open,Attempts,
200415,10099,20231009,,Open,Intake,
200416,10031,20220328,,Open,Intake,
200417,10002,20230423,20230427,Closed,Closed,Paid
200418,10024,20230316,20230321,Closed,Closed,PromiseToPay
200419,10046,20231213,20231216,Closed,Closed,Paid
200420,10049,20221118,20221120,Open,Attempts,
200421,10080,20230813,,Closed,Closed,Paid
200422,10141,20220413,,Open,Intake,
200423,10141,20220716,20220719,Open,Attempts,
200424,10004,20220227,,Open,Intake,
200425,10059,20220728,20220728,Closed,Closed,PromiseToPay
200426,10111,20220206,20220211,Open,Validated,
200427,10013,20220317,20220321,Hold,Validated,
200428,10044,20220731,20220802,Hold,Validated,
200429,10083,20231214,20231219,Hold,Payment,
200430,10063,20230524,,Closed,Closed,Paid
200431,10135,20221202,,Open,Intake,
200432,10137,20230321,20230324,Closed,Closed,Unreachable
200433,10068,20230909,20230912,Open,Payment,
200434,10009,20220512,20220516,Closed,Closed,Paid
200435,10001,20230525,20230526,Open,Payment,
200436,10105,20231028,20231031,Open,Payment,
200437,10100,20230422,20230422,Open,Attempts,
200438,10017,20231005,,Closed,Closed,Unreachable
200439,10034,20231105,20231107,Open,Attempts,
200440,10101,20220416,20220417,Closed,Closed,Dispute
200441,10009,20220418,20220423,Closed,Closed,Paid
200442,10116,20220811,20220814,Open,Attempts,
200443,10064,20220126,20220129,Closed,Closed,Paid
200444,10063,20220902,,Closed,Closed,Dispute
200445,10098,20220824,20220824,Open,Attempts,
200446,10117,20230127,20230129,Open,Attempts,
200447,10046,20230621,20230624,Open,Attempts,
200448,10015,20220812,20220814,Open,Validated,
200449,10001,20220303,20220305,Open,Attempts,
200450,10129,20220316,,Open,Intake,
200451,10077,20230725,,Closed,Closed,Dispute
200452,10126,20240122,,Hold,Intake,
200453,10036,20230628,20230703,Closed,Closed,PromiseToPay
200454,10031,20231028,20231030,Closed,Closed,Paid
200455,10059,20230822,,Open,Intake,
200456,10121,20221209,,Closed,Closed,Dispute
200457,10048,20230831,20230904,Hold,Attempts,
200458,10028,20230830,20230903,Open,Attempts,
200459,10124,20230330,20230331,Closed,Closed,PromiseToPay
200460,10126,20231127,20231128,Open,Attempts,
200461,10091,20231031,20231031,Open,Attempts,
200462,10128,20230703,,Closed,Closed,PromiseToPay
200463,10106,20220929,20221002,Open,Payment,
200464,10093,20220728,,Closed,Closed,Paid
200465,10062,20220623,20220627,Hold,Attempts,
200466,10001,20230618,,Open,Intake,
200467,10076,20231024,20231028,Open,Payment,
200468,10006,20220130,20220131,Hold,Validated,
200469,10116,20230601,20230604,Closed,Closed,Paid
200470,10110,20230102,20230106,Open,Attempts,
200471,10085,20220530,20220602,Closed,Closed,Unreachable
200472,10098,20221113,20221116,Closed,Closed,Paid
200473,10111,20220219,20220222,Closed,Closed,Dispute
200474,10135,20221124,,Open,Intake,
200475,10021,20221004,20221004,Open,Validated,
200476,10001,20231226,,Closed,Closed,Paid
200477,10065,20221119,20221122,Open,Attempts,
200478,10131,20220217,20220217,Closed,Closed,Paid
200479,10067,20230605,,Open,Intake,
200480,10080,20230807,20230811,Closed,Closed,Paid
200481,10070,20230619,20230622,Closed,Closed,Paid
200482,10051,20220616,20220618,Open,Attempts,
200483,10056,20230213,,Open,Intake,
200484,10035,20220322,20220325,Hold,Payment,
200485,10053,20220107,20220111,Open,Payment,
200486,10004,20231031,20231031,Open,Payment,
200487,10098,20221103,20221106,Open,Payment,
200488,10035,20220208,20220211,Open,Attempts,
200489,10100,20230729,20230729,Closed,Closed,Paid
200490,10077,20231007,,Hold,Intake,
200491,10087,20230510,,Closed,Closed,Paid
200492,10022,20220414,,Closed,Closed,Unreachable
200493,10058,20220226,,Open,Intake,
200494,10064,20220212,20220215,Closed,Closed,Paid
200495,10108,20220715,20220719,Closed,Closed,PromiseToPay
200496,10135,20231225,,Open,Intake,
200497,10032,20221128,20221130,Open,Attempts,
200498,10010,20220405,20220406,Open,Attempts,
200499,10130,20230225,,Closed,Closed,Paid
200500,10012,20220711,,Open,Intake,
